{
  "threshold": 0.008279892258909523,
  "mu_clean": 0.0014651828913022345,
  "mu_inject": 0.9143664498796639
}