{
  "calibration": {
    "threshold": 0.008279892258909523,
    "mu_clean": 0.0014651828913022345,
    "mu_inject": 0.9143664498796639
  },
  "results": {
    "accuracy": 0.9457964601769911,
    "precision": 0.9944289693593314,
    "recall": 0.8836633663366337,
    "f1": 0.9357798165137615,
    "auc": 0.8859752475247525
  }
}